날짜,판매량,프로모션진행개수,연도,월,일,요일,휴일종류_레이블
2013-01-01,0.0,0,2013,1,1,1,3
2013-01-02,778.7,0,2013,1,2,2,6
2013-01-03,384.74,0,2013,1,3,3,6
2013-01-04,387.55,0,2013,1,4,4,6
2013-01-05,564.3,0,2013,1,5,5,5
2013-01-06,688.75,0,2013,1,6,6,6
2013-01-07,328.65,0,2013,1,7,0,6
2013-01-08,374.66,0,2013,1,8,1,6
2013-01-09,347.76,0,2013,1,9,2,6
2013-01-10,216.32,0,2013,1,10,3,6
2013-01-11,333.6,0,2013,1,11,4,6
2013-01-12,478.05,0,2013,1,12,5,5
2013-01-13,582.42,0,2013,1,13,6,6
2013-01-14,389.28,0,2013,1,14,0,6
2013-01-15,314.21,0,2013,1,15,1,6
2013-01-16,396.46,0,2013,1,16,2,6
2013-01-17,270.03,0,2013,1,17,3,6
2013-01-18,309.91,0,2013,1,18,4,6
2013-01-19,460.46,0,2013,1,19,5,6
2013-01-20,555.49,0,2013,1,20,6,6
2013-01-21,333.64,0,2013,1,21,0,6
2013-01-22,250.45,0,2013,1,22,1,6
2013-01-23,295.86,0,2013,1,23,2,6
2013-01-24,180.37,0,2013,1,24,3,6
2013-01-25,317.51,0,2013,1,25,4,6
2013-01-26,459.11,0,2013,1,26,5,6
2013-01-27,559.12,0,2013,1,27,6,6
2013-01-28,311.45,0,2013,1,28,0,6
2013-01-29,284.18,0,2013,1,29,1,6
2013-01-30,349.94,0,2013,1,30,2,6
2013-01-31,257.98,0,2013,1,31,3,6
2013-02-01,311.52,0,2013,2,1,4,6
2013-02-02,598.39,0,2013,2,2,5,6
2013-02-03,610.36,0,2013,2,3,6,6
2013-02-04,310.0,0,2013,2,4,0,6
2013-02-05,312.06,0,2013,2,5,1,6
2013-02-06,368.84,0,2013,2,6,2,6
2013-02-07,252.31,0,2013,2,7,3,6
2013-02-08,309.87,0,2013,2,8,4,6
2013-02-09,334.21,0,2013,2,9,5,6
2013-02-10,251.14,0,2013,2,10,6,6
2013-02-11,285.53,0,2013,2,11,0,3
2013-02-12,421.34,0,2013,2,12,1,3
2013-02-13,282.0,0,2013,2,13,2,6
2013-02-14,272.22,0,2013,2,14,3,6
2013-02-15,278.6,0,2013,2,15,4,6
2013-02-16,574.19,0,2013,2,16,5,6
2013-02-17,499.44,0,2013,2,17,6,6
2013-02-18,340.59,0,2013,2,18,0,6
2013-02-19,280.0,0,2013,2,19,1,6
2013-02-20,334.24,0,2013,2,20,2,6
2013-02-21,177.0,0,2013,2,21,3,6
2013-02-22,209.64,0,2013,2,22,4,6
2013-02-23,449.3,0,2013,2,23,5,6
2013-02-24,559.58,0,2013,2,24,6,6
2013-02-25,272.67,0,2013,2,25,0,6
2013-02-26,260.0,0,2013,2,26,1,6
2013-02-27,296.51,0,2013,2,27,2,6
2013-02-28,175.0,0,2013,2,28,3,6
2013-03-01,463.62,0,2013,3,1,4,6
2013-03-02,564.46,0,2013,3,2,5,3
2013-03-03,680.7,0,2013,3,3,6,6
2013-03-04,351.63,0,2013,3,4,0,6
2013-03-05,229.63,0,2013,3,5,1,6
2013-03-06,414.99,0,2013,3,6,2,6
2013-03-07,218.19,0,2013,3,7,3,6
2013-03-08,265.44,0,2013,3,8,4,6
2013-03-09,490.9,0,2013,3,9,5,6
2013-03-10,482.82,0,2013,3,10,6,6
2013-03-11,326.3,0,2013,3,11,0,6
2013-03-12,299.8,0,2013,3,12,1,6
2013-03-13,343.25,0,2013,3,13,2,6
2013-03-14,211.72,0,2013,3,14,3,6
2013-03-15,292.35,0,2013,3,15,4,6
2013-03-16,663.89,0,2013,3,16,5,6
2013-03-17,685.67,0,2013,3,17,6,6
2013-03-18,413.27,0,2013,3,18,0,6
2013-03-19,256.58,0,2013,3,19,1,6
2013-03-20,385.75,0,2013,3,20,2,6
2013-03-21,276.52,0,2013,3,21,3,6
2013-03-22,360.35,0,2013,3,22,4,6
2013-03-23,537.3,0,2013,3,23,5,6
2013-03-24,502.08,0,2013,3,24,6,6
2013-03-25,322.42,0,2013,3,25,0,6
2013-03-26,191.0,0,2013,3,26,1,6
2013-03-27,357.61,0,2013,3,27,2,6
2013-03-28,287.26,0,2013,3,28,3,6
2013-03-29,382.4,0,2013,3,29,4,6
2013-03-30,487.03,0,2013,3,30,5,6
2013-03-31,547.44,0,2013,3,31,6,6
2013-04-01,437.66,0,2013,4,1,0,3
2013-04-02,316.19,0,2013,4,2,1,6
2013-04-03,374.77,0,2013,4,3,2,6
2013-04-04,306.41,0,2013,4,4,3,6
2013-04-05,388.84,0,2013,4,5,4,6
2013-04-06,658.78,0,2013,4,6,5,6
2013-04-07,671.13,0,2013,4,7,6,6
2013-04-08,395.38,0,2013,4,8,0,6
2013-04-09,285.0,0,2013,4,9,1,6
2013-04-10,342.0,0,2013,4,10,2,6
2013-04-11,264.54,0,2013,4,11,3,6
2013-04-12,309.0,0,2013,4,12,4,3
2013-04-13,561.39,0,2013,4,13,5,6
2013-04-14,624.3,0,2013,4,14,6,3
2013-04-15,345.8,0,2013,4,15,0,6
2013-04-16,370.42,0,2013,4,16,1,6
2013-04-17,425.34,0,2013,4,17,2,6
2013-04-18,310.49,0,2013,4,18,3,6
2013-04-19,399.62,0,2013,4,19,4,6
2013-04-20,622.5,0,2013,4,20,5,6
2013-04-21,634.55,0,2013,4,21,6,3
2013-04-22,331.8,0,2013,4,22,0,6
2013-04-23,308.0,0,2013,4,23,1,6
2013-04-24,464.97,0,2013,4,24,2,6
2013-04-25,254.18,0,2013,4,25,3,6
2013-04-26,358.5,0,2013,4,26,4,6
2013-04-27,564.85,0,2013,4,27,5,6
2013-04-28,627.6,0,2013,4,28,6,6
2013-04-29,306.23,0,2013,4,29,0,3
2013-04-30,347.18,0,2013,4,30,1,6
2013-05-01,655.26,0,2013,5,1,2,3
2013-05-02,374.58,0,2013,5,2,3,6
2013-05-03,502.02,0,2013,5,3,4,6
2013-05-04,657.28,0,2013,5,4,5,6
2013-05-05,764.28,0,2013,5,5,6,6
2013-05-06,398.36,0,2013,5,6,0,6
2013-05-07,372.37,0,2013,5,7,1,6
2013-05-08,459.39,0,2013,5,8,2,6
2013-05-09,352.92,0,2013,5,9,3,6
2013-05-10,449.62,0,2013,5,10,4,6
2013-05-11,774.62,0,2013,5,11,5,0
2013-05-12,408.25,0,2013,5,12,6,3
2013-05-12,408.25,0,2013,5,12,6,2
2013-05-13,332.32,0,2013,5,13,0,6
2013-05-14,374.71,0,2013,5,14,1,6
2013-05-15,343.92,0,2013,5,15,2,6
2013-05-16,329.89,0,2013,5,16,3,6
2013-05-17,386.1,0,2013,5,17,4,6
2013-05-18,666.14,0,2013,5,18,5,6
2013-05-19,504.0,0,2013,5,19,6,6
2013-05-20,307.81,0,2013,5,20,0,6
2013-05-21,245.56,0,2013,5,21,1,6
2013-05-22,459.87,0,2013,5,22,2,6
2013-05-23,338.52,0,2013,5,23,3,6
2013-05-24,417.47,0,2013,5,24,4,3
2013-05-25,459.39,0,2013,5,25,5,6
2013-05-26,477.9,0,2013,5,26,6,6
2013-05-27,404.47,0,2013,5,27,0,6
2013-05-28,330.28,0,2013,5,28,1,6
2013-05-29,395.2,0,2013,5,29,2,6
2013-05-30,388.21,0,2013,5,30,3,6
2013-05-31,394.21,0,2013,5,31,4,6
2013-06-01,722.31,0,2013,6,1,5,6
2013-06-02,694.24,0,2013,6,2,6,6
2013-06-03,365.13,0,2013,6,3,0,6
2013-06-04,369.86,0,2013,6,4,1,6
2013-06-05,462.92,0,2013,6,5,2,6
2013-06-06,300.65,0,2013,6,6,3,6
2013-06-07,494.36,0,2013,6,7,4,6
2013-06-08,664.66,0,2013,6,8,5,6
2013-06-09,622.56,0,2013,6,9,6,6
2013-06-10,476.63,0,2013,6,10,0,6
2013-06-11,330.62,0,2013,6,11,1,6
2013-06-12,527.38,0,2013,6,12,2,6
2013-06-13,429.29,0,2013,6,13,3,6
2013-06-14,520.86,0,2013,6,14,4,6
2013-06-15,1018.64,0,2013,6,15,5,6
2013-06-16,673.51,0,2013,6,16,6,6
2013-06-17,500.29,0,2013,6,17,0,6
2013-06-18,349.44,0,2013,6,18,1,6
2013-06-19,513.21,0,2013,6,19,2,6
2013-06-20,359.22,0,2013,6,20,3,6
2013-06-21,423.79,0,2013,6,21,4,6
2013-06-22,674.37,0,2013,6,22,5,6
2013-06-23,604.0,0,2013,6,23,6,3
2013-06-24,322.34,0,2013,6,24,0,6
2013-06-25,341.0,0,2013,6,25,1,3
2013-06-25,341.0,0,2013,6,25,1,3
2013-06-25,341.0,0,2013,6,25,1,3
2013-06-26,363.51,0,2013,6,26,2,6
2013-06-27,301.71,0,2013,6,27,3,6
2013-06-28,466.33,0,2013,6,28,4,6
2013-06-29,718.85,0,2013,6,29,5,6
2013-06-30,756.55,0,2013,6,30,6,6
2013-07-01,501.0,0,2013,7,1,0,6
2013-07-02,485.16,0,2013,7,2,1,6
2013-07-03,610.2,0,2013,7,3,2,3
2013-07-03,610.2,0,2013,7,3,2,3
2013-07-04,326.72,0,2013,7,4,3,6
2013-07-05,503.04,0,2013,7,5,4,6
2013-07-06,694.11,0,2013,7,6,5,6
2013-07-07,734.0,0,2013,7,7,6,6
2013-07-08,348.0,0,2013,7,8,0,6
2013-07-09,385.0,0,2013,7,9,1,6
2013-07-10,386.07,0,2013,7,10,2,6
2013-07-11,257.13,0,2013,7,11,3,6
2013-07-12,505.35,0,2013,7,12,4,6
2013-07-13,674.27,0,2013,7,13,5,6
2013-07-14,619.01,0,2013,7,14,6,6
2013-07-15,481.91,0,2013,7,15,0,6
2013-07-16,471.5,0,2013,7,16,1,6
2013-07-17,496.51,0,2013,7,17,2,6
2013-07-18,386.78,0,2013,7,18,3,6
2013-07-19,539.08,0,2013,7,19,4,6
2013-07-20,670.2,0,2013,7,20,5,6
2013-07-21,680.32,0,2013,7,21,6,6
2013-07-22,439.68,0,2013,7,22,0,6
2013-07-23,443.82,0,2013,7,23,1,3
2013-07-24,435.32,0,2013,7,24,2,0
2013-07-25,345.92,0,2013,7,25,3,3
2013-07-26,484.04,0,2013,7,26,4,6
2013-07-27,704.57,0,2013,7,27,5,6
2013-07-28,581.12,0,2013,7,28,6,6
2013-07-29,305.0,0,2013,7,29,0,6
2013-07-30,386.61,0,2013,7,30,1,6
2013-07-31,424.61,0,2013,7,31,2,6
2013-08-01,435.61,0,2013,8,1,3,6
2013-08-02,493.23,0,2013,8,2,4,6
2013-08-03,729.97,0,2013,8,3,5,6
2013-08-04,597.04,0,2013,8,4,6,6
2013-08-05,427.0,0,2013,8,5,0,3
2013-08-06,405.46,0,2013,8,6,1,6
2013-08-07,418.34,0,2013,8,7,2,6
2013-08-08,364.5,0,2013,8,8,3,6
2013-08-09,478.34,0,2013,8,9,4,6
2013-08-10,576.64,0,2013,8,10,5,3
2013-08-11,493.72,0,2013,8,11,6,6
2013-08-12,397.91,0,2013,8,12,0,6
2013-08-13,371.0,0,2013,8,13,1,6
2013-08-14,447.61,0,2013,8,14,2,6
2013-08-15,257.3,0,2013,8,15,3,3
2013-08-16,419.86,0,2013,8,16,4,6
2013-08-17,621.16,0,2013,8,17,5,6
2013-08-18,678.61,0,2013,8,18,6,6
2013-08-19,356.46,0,2013,8,19,0,6
2013-08-20,431.47,0,2013,8,20,1,6
2013-08-21,390.07,0,2013,8,21,2,6
2013-08-22,401.36,0,2013,8,22,3,6
2013-08-23,417.87,0,2013,8,23,4,6
2013-08-24,573.42,0,2013,8,24,5,3
2013-08-25,617.94,0,2013,8,25,6,6
2013-08-26,403.96,0,2013,8,26,0,6
2013-08-27,375.62,0,2013,8,27,1,6
2013-08-28,510.52,0,2013,8,28,2,6
2013-08-29,332.8,0,2013,8,29,3,6
2013-08-30,418.87,0,2013,8,30,4,6
2013-08-31,741.36,0,2013,8,31,5,6
2013-09-01,977.68,0,2013,9,1,6,6
2013-09-02,524.5,0,2013,9,2,0,6
2013-09-03,488.0,0,2013,9,3,1,6
2013-09-04,436.24,0,2013,9,4,2,6
2013-09-05,355.57,0,2013,9,5,3,6
2013-09-06,406.77,0,2013,9,6,4,6
2013-09-07,760.97,0,2013,9,7,5,6
2013-09-08,733.26,0,2013,9,8,6,6
2013-09-09,355.06,0,2013,9,9,0,6
2013-09-10,406.2,0,2013,9,10,1,6
2013-09-11,438.15,0,2013,9,11,2,6
2013-09-12,350.3,0,2013,9,12,3,6
2013-09-13,491.14,0,2013,9,13,4,6
2013-09-14,748.23,0,2013,9,14,5,6
2013-09-15,737.19,0,2013,9,15,6,6
2013-09-16,432.0,0,2013,9,16,0,6
2013-09-17,294.52,0,2013,9,17,1,6
2013-09-18,427.58,0,2013,9,18,2,6
2013-09-19,353.05,0,2013,9,19,3,6
2013-09-20,469.97,0,2013,9,20,4,6
2013-09-21,678.7,0,2013,9,21,5,6
2013-09-22,609.38,0,2013,9,22,6,6
2013-09-23,397.22,0,2013,9,23,0,6
2013-09-24,310.09,0,2013,9,24,1,6
2013-09-25,450.8,0,2013,9,25,2,6
2013-09-26,343.43,0,2013,9,26,3,6
2013-09-27,355.06,0,2013,9,27,4,6
2013-09-28,702.65,0,2013,9,28,5,3
2013-09-29,668.44,0,2013,9,29,6,6
2013-09-30,405.58,0,2013,9,30,0,6
2013-10-01,434.28,0,2013,10,1,1,6
2013-10-02,557.34,0,2013,10,2,2,6
2013-10-03,405.71,0,2013,10,3,3,6
2013-10-04,511.86,0,2013,10,4,4,6
2013-10-05,850.86,0,2013,10,5,5,6
2013-10-06,770.31,0,2013,10,6,6,6
2013-10-07,401.57,0,2013,10,7,0,3
2013-10-08,350.34,0,2013,10,8,1,6
2013-10-09,447.98,0,2013,10,9,2,3
2013-10-10,290.85,0,2013,10,10,3,6
2013-10-11,253.0,0,2013,10,11,4,4
2013-10-12,548.74,0,2013,10,12,5,6
2013-10-13,611.92,0,2013,10,13,6,6
2013-10-14,350.66,0,2013,10,14,0,6
2013-10-15,347.63,0,2013,10,15,1,6
2013-10-16,513.9,0,2013,10,16,2,6
2013-10-17,379.8,0,2013,10,17,3,6
2013-10-18,483.08,0,2013,10,18,4,6
2013-10-19,757.24,0,2013,10,19,5,6
2013-10-20,739.24,0,2013,10,20,6,6
2013-10-21,372.45,0,2013,10,21,0,6
2013-10-22,266.31,0,2013,10,22,1,6
2013-10-23,421.72,0,2013,10,23,2,6
2013-10-24,371.29,0,2013,10,24,3,6
2013-10-25,448.34,0,2013,10,25,4,6
2013-10-26,754.68,0,2013,10,26,5,6
2013-10-27,638.03,0,2013,10,27,6,6
2013-10-28,331.75,0,2013,10,28,0,6
2013-10-29,287.0,0,2013,10,29,1,6
2013-10-30,415.31,0,2013,10,30,2,6
2013-10-31,266.13,0,2013,10,31,3,6
2013-11-01,481.57,0,2013,11,1,4,6
2013-11-02,764.91,0,2013,11,2,5,3
2013-11-03,752.04,0,2013,11,3,6,3
2013-11-04,429.44,0,2013,11,4,0,6
2013-11-05,406.05,0,2013,11,5,1,6
2013-11-06,497.31,0,2013,11,6,2,3
2013-11-07,361.86,0,2013,11,7,3,3
2013-11-08,442.7,0,2013,11,8,4,6
2013-11-09,653.6,0,2013,11,9,5,6
2013-11-10,719.67,0,2013,11,10,6,3
2013-11-11,370.58,0,2013,11,11,0,3
2013-11-12,376.88,0,2013,11,12,1,3
2013-11-13,423.5,0,2013,11,13,2,6
2013-11-14,261.0,0,2013,11,14,3,6
2013-11-15,449.06,0,2013,11,15,4,6
2013-11-16,727.42,0,2013,11,16,5,6
2013-11-17,670.73,0,2013,11,17,6,6
2013-11-18,416.95,0,2013,11,18,0,6
2013-11-19,414.33,0,2013,11,19,1,6
2013-11-20,573.28,0,2013,11,20,2,6
2013-11-21,364.57,0,2013,11,21,3,6
2013-11-22,501.45,0,2013,11,22,4,6
2013-11-23,775.96,0,2013,11,23,5,6
2013-11-24,777.88,0,2013,11,24,6,6
2013-11-25,370.36,0,2013,11,25,0,6
2013-11-26,496.13,0,2013,11,26,1,6
2013-11-27,529.33,0,2013,11,27,2,6
2013-11-28,496.5,0,2013,11,28,3,6
2013-11-29,689.84,0,2013,11,29,4,6
2013-11-30,791.6,0,2013,11,30,5,6
2013-12-01,1135.05,0,2013,12,1,6,6
2013-12-02,555.79,0,2013,12,2,0,6
2013-12-03,612.06,0,2013,12,3,1,6
2013-12-04,817.13,0,2013,12,4,2,6
2013-12-05,723.9,0,2013,12,5,3,0
2013-12-06,967.16,0,2013,12,6,4,3
2013-12-07,851.66,0,2013,12,7,5,6
2013-12-08,958.19,0,2013,12,8,6,3
2013-12-09,795.83,0,2013,12,9,0,6
2013-12-10,909.98,0,2013,12,10,1,6
2013-12-11,1375.36,0,2013,12,11,2,6
2013-12-12,945.23,0,2013,12,12,3,6
2013-12-13,1931.13,0,2013,12,13,4,6
2013-12-14,2294.3,0,2013,12,14,5,6
2013-12-15,2359.6,0,2013,12,15,6,6
2013-12-16,1867.49,0,2013,12,16,0,6
2013-12-17,3196.65,0,2013,12,17,1,6
2013-12-18,4715.38,0,2013,12,18,2,6
2013-12-19,3325.13,0,2013,12,19,3,6
2013-12-20,4013.06,0,2013,12,20,4,6
2013-12-21,4946.45,0,2013,12,21,5,0
2013-12-22,4439.56,0,2013,12,22,6,0
2013-12-22,4439.56,0,2013,12,22,6,3
2013-12-23,5959.72,0,2013,12,23,0,0
2013-12-24,2149.01,0,2013,12,24,1,0
2013-12-26,1218.4,0,2013,12,26,3,0
2013-12-27,1859.32,0,2013,12,27,4,6
2013-12-28,1606.34,0,2013,12,28,5,6
2013-12-29,1843.76,0,2013,12,29,6,6
2013-12-30,1594.1,0,2013,12,30,0,6
2013-12-31,882.16,0,2013,12,31,1,0
2014-01-01,0.0,0,2014,1,1,2,3
2014-01-02,600.93,0,2014,1,2,3,6
2014-01-03,621.94,0,2014,1,3,4,6
2014-01-04,883.35,0,2014,1,4,5,6
2014-01-05,854.1,0,2014,1,5,6,6
2014-01-06,429.76,0,2014,1,6,0,6
2014-01-07,335.13,0,2014,1,7,1,6
2014-01-08,524.02,0,2014,1,8,2,6
2014-01-09,416.52,0,2014,1,9,3,6
2014-01-10,413.79,0,2014,1,10,4,6
2014-01-11,735.38,0,2014,1,11,5,6
2014-01-12,732.16,0,2014,1,12,6,6
2014-01-13,352.74,0,2014,1,13,0,6
2014-01-14,344.67,0,2014,1,14,1,6
2014-01-15,448.78,0,2014,1,15,2,6
2014-01-16,365.12,0,2014,1,16,3,6
2014-01-17,451.49,0,2014,1,17,4,6
2014-01-18,774.5,0,2014,1,18,5,6
2014-01-19,609.41,0,2014,1,19,6,6
2014-01-20,360.02,0,2014,1,20,0,6
2014-01-21,431.84,0,2014,1,21,1,6
2014-01-22,465.56,0,2014,1,22,2,6
2014-01-23,318.15,0,2014,1,23,3,6
2014-01-24,502.36,0,2014,1,24,4,6
2014-01-25,649.19,0,2014,1,25,5,6
2014-01-26,566.13,0,2014,1,26,6,6
2014-01-27,357.7,0,2014,1,27,0,6
2014-01-28,280.47,0,2014,1,28,1,6
2014-01-29,415.21,0,2014,1,29,2,6
2014-01-30,369.23,0,2014,1,30,3,6
2014-01-31,496.31,0,2014,1,31,4,6
2014-02-01,898.28,0,2014,2,1,5,6
2014-02-02,821.71,0,2014,2,2,6,6
2014-02-03,534.78,0,2014,2,3,0,6
2014-02-04,392.5,0,2014,2,4,1,6
2014-02-05,569.07,0,2014,2,5,2,6
2014-02-06,408.0,0,2014,2,6,3,6
2014-02-07,378.82,0,2014,2,7,4,6
2014-02-08,765.03,0,2014,2,8,5,6
2014-02-09,679.18,0,2014,2,9,6,6
2014-02-10,399.95,0,2014,2,10,0,6
2014-02-11,365.36,0,2014,2,11,1,6
2014-02-12,421.85,0,2014,2,12,2,6
2014-02-13,355.37,0,2014,2,13,3,6
2014-02-14,433.0,0,2014,2,14,4,6
2014-02-15,675.99,0,2014,2,15,5,6
2014-02-16,667.33,0,2014,2,16,6,6
2014-02-17,417.73,0,2014,2,17,0,6
2014-02-18,400.74,0,2014,2,18,1,6
2014-02-19,493.9,0,2014,2,19,2,6
2014-02-20,309.7,0,2014,2,20,3,6
2014-02-21,412.61,0,2014,2,21,4,6
2014-02-22,682.05,0,2014,2,22,5,6
2014-02-23,442.89,0,2014,2,23,6,6
2014-02-24,352.13,0,2014,2,24,0,6
2014-02-25,464.24,0,2014,2,25,1,6
2014-02-26,482.72,0,2014,2,26,2,6
2014-02-27,316.62,0,2014,2,27,3,6
2014-02-28,405.54,0,2014,2,28,4,6
2014-03-01,656.03,0,2014,3,1,5,6
2014-03-02,524.71,0,2014,3,2,6,3
2014-03-03,522.18,0,2014,3,3,0,3
2014-03-04,606.38,0,2014,3,4,1,3
2014-03-05,438.44,0,2014,3,5,2,6
2014-03-06,376.67,0,2014,3,6,3,6
2014-03-07,387.23,0,2014,3,7,4,6
2014-03-08,607.97,0,2014,3,8,5,6
2014-03-09,688.76,0,2014,3,9,6,6
2014-03-10,380.45,0,2014,3,10,0,6
2014-03-11,370.79,0,2014,3,11,1,6
2014-03-12,461.14,0,2014,3,12,2,6
2014-03-13,292.06,0,2014,3,13,3,6
2014-03-14,396.89,0,2014,3,14,4,6
2014-03-15,693.83,0,2014,3,15,5,6
2014-03-16,919.33,0,2014,3,16,6,6
2014-03-17,370.0,0,2014,3,17,0,6
2014-03-18,338.56,0,2014,3,18,1,6
2014-03-19,484.75,0,2014,3,19,2,6
2014-03-20,326.93,0,2014,3,20,3,6
2014-03-21,431.12,0,2014,3,21,4,6
2014-03-22,662.56,0,2014,3,22,5,6
2014-03-23,642.03,0,2014,3,23,6,6
2014-03-24,392.46,0,2014,3,24,0,6
2014-03-25,386.08,0,2014,3,25,1,6
2014-03-26,430.12,0,2014,3,26,2,6
2014-03-27,310.2,0,2014,3,27,3,6
2014-03-28,426.23,0,2014,3,28,4,6
2014-03-29,720.15,0,2014,3,29,5,6
2014-03-30,653.14,0,2014,3,30,6,6
2014-03-31,502.12,0,2014,3,31,0,6
2014-04-01,449.37,0,2014,4,1,1,3
2014-04-02,511.32,0,2014,4,2,2,6
2014-04-03,325.4,0,2014,4,3,3,6
2014-04-04,440.66,0,2014,4,4,4,6
2014-04-05,738.06,0,2014,4,5,5,6
2014-04-06,714.77,0,2014,4,6,6,6
2014-04-07,447.96,0,2014,4,7,0,6
2014-04-08,313.0,0,2014,4,8,1,6
2014-04-09,463.44,0,2014,4,9,2,6
2014-04-10,419.38,0,2014,4,10,3,6
2014-04-11,457.91,0,2014,4,11,4,6
2014-04-12,689.5,0,2014,4,12,5,3
2014-04-13,582.99,0,2014,4,13,6,6
2014-04-14,332.89,0,2014,4,14,0,3
2014-04-15,322.0,0,2014,4,15,1,6
2014-04-16,344.55,0,2014,4,16,2,6
2014-04-17,407.85,0,2014,4,17,3,6
2014-04-18,498.38,0,2014,4,18,4,3
2014-04-19,520.0,0,2014,4,19,5,6
2014-04-20,519.09,0,2014,4,20,6,6
2014-04-21,470.98,0,2014,4,21,0,3
2014-04-22,329.74,0,2014,4,22,1,6
2014-04-23,457.11,0,2014,4,23,2,6
2014-04-24,377.33,0,2014,4,24,3,6
2014-04-25,431.67,0,2014,4,25,4,6
2014-04-26,728.65,0,2014,4,26,5,6
2014-04-27,602.82,0,2014,4,27,6,6
2014-04-28,376.27,0,2014,4,28,0,6
2014-04-29,327.23,0,2014,4,29,1,6
2014-04-30,526.2,0,2014,4,30,2,6
2014-05-01,647.66,0,2014,5,1,3,3
2014-05-02,521.0,0,2014,5,2,4,6
2014-05-03,724.91,0,2014,5,3,5,6
2014-05-04,683.28,0,2014,5,4,6,6
2014-05-05,412.61,0,2014,5,5,0,6
2014-05-06,422.41,0,2014,5,6,1,6
2014-05-07,600.33,0,2014,5,7,2,6
2014-05-08,437.84,0,2014,5,8,3,6
2014-05-09,593.79,0,2014,5,9,4,6
2014-05-10,796.07,0,2014,5,10,5,0
2014-05-11,488.17,0,2014,5,11,6,2
2014-05-12,337.64,0,2014,5,12,0,3
2014-05-13,332.08,0,2014,5,13,1,6
2014-05-14,471.84,0,2014,5,14,2,6
2014-05-15,333.0,0,2014,5,15,3,6
2014-05-16,561.12,0,2014,5,16,4,6
2014-05-17,713.5,0,2014,5,17,5,6
2014-05-18,716.7,0,2014,5,18,6,6
2014-05-19,405.18,0,2014,5,19,0,6
2014-05-20,377.52,0,2014,5,20,1,6
2014-05-21,391.14,0,2014,5,21,2,6
2014-05-22,347.61,0,2014,5,22,3,6
2014-05-23,442.46,0,2014,5,23,4,6
2014-05-24,658.94,0,2014,5,24,5,3
2014-05-25,622.61,0,2014,5,25,6,6
2014-05-26,337.0,0,2014,5,26,0,6
2014-05-27,421.05,0,2014,5,27,1,6
2014-05-28,379.74,0,2014,5,28,2,6
2014-05-29,356.34,0,2014,5,29,3,6
2014-05-30,518.41,0,2014,5,30,4,6
2014-05-31,716.45,0,2014,5,31,5,6
2014-06-01,844.87,0,2014,6,1,6,6
2014-06-02,480.94,0,2014,6,2,0,6
2014-06-03,455.68,0,2014,6,3,1,6
2014-06-04,584.95,0,2014,6,4,2,6
2014-06-05,388.24,0,2014,6,5,3,6
2014-06-06,587.55,0,2014,6,6,4,6
2014-06-07,642.22,0,2014,6,7,5,6
2014-06-08,704.66,0,2014,6,8,6,6
2014-06-09,365.01,0,2014,6,9,0,6
2014-06-10,412.38,0,2014,6,10,1,6
2014-06-11,508.77,0,2014,6,11,2,6
2014-06-12,339.19,0,2014,6,12,3,2
2014-06-13,544.9,0,2014,6,13,4,6
2014-06-14,909.19,0,2014,6,14,5,6
2014-06-15,371.0,0,2014,6,15,6,2
2014-06-16,456.62,0,2014,6,16,0,6
2014-06-17,417.35,0,2014,6,17,1,6
2014-06-18,464.2,0,2014,6,18,2,6
2014-06-19,347.0,0,2014,6,19,3,6
2014-06-20,499.03,0,2014,6,20,4,2
2014-06-21,616.1,0,2014,6,21,5,6
2014-06-22,732.0,0,2014,6,22,6,6
2014-06-23,341.0,0,2014,6,23,0,3
2014-06-24,440.09,0,2014,6,24,1,6
2014-06-25,460.34,0,2014,6,25,2,3
2014-06-25,460.34,0,2014,6,25,2,3
2014-06-25,460.34,0,2014,6,25,2,3
2014-06-25,460.34,0,2014,6,25,2,2
2014-06-26,278.0,0,2014,6,26,3,6
2014-06-27,457.23,0,2014,6,27,4,6
2014-06-28,610.0,0,2014,6,28,5,2
2014-06-29,605.0,0,2014,6,29,6,2
2014-06-30,346.0,0,2014,6,30,0,2
2014-07-01,525.87,2,2014,7,1,1,2
2014-07-02,608.22,2,2014,7,2,2,6
2014-07-03,484.0,1,2014,7,3,3,3
2014-07-03,484.0,1,2014,7,3,3,3
2014-07-04,588.76,2,2014,7,4,4,2
2014-07-05,645.76,0,2014,7,5,5,2
2014-07-06,735.84,0,2014,7,6,6,6
2014-07-07,386.0,1,2014,7,7,0,6
2014-07-08,393.0,0,2014,7,8,1,2
2014-07-09,456.0,1,2014,7,9,2,2
2014-07-10,407.46,3,2014,7,10,3,6
2014-07-11,588.5,2,2014,7,11,4,6
2014-07-12,701.88,4,2014,7,12,5,2
2014-07-13,643.7,2,2014,7,13,6,2
2014-07-14,427.0,0,2014,7,14,0,6
2014-07-15,473.82,0,2014,7,15,1,6
2014-07-16,505.61,0,2014,7,16,2,6
2014-07-17,416.17,2,2014,7,17,3,6
2014-07-18,474.13,4,2014,7,18,4,6
2014-07-19,687.45,2,2014,7,19,5,6
2014-07-20,564.0,0,2014,7,20,6,6
2014-07-21,367.0,1,2014,7,21,0,6
2014-07-22,367.24,2,2014,7,22,1,6
2014-07-23,584.6,1,2014,7,23,2,3
2014-07-24,359.84,1,2014,7,24,3,0
2014-07-25,499.4,2,2014,7,25,4,3
2014-07-26,592.77,2,2014,7,26,5,6
2014-07-27,619.4,0,2014,7,27,6,6
2014-07-28,379.2,0,2014,7,28,0,6
2014-07-29,482.01,0,2014,7,29,1,6
2014-07-30,588.12,0,2014,7,30,2,6
2014-07-31,434.44,0,2014,7,31,3,6
2014-08-01,485.67,2,2014,8,1,4,6
2014-08-02,675.48,2,2014,8,2,5,6
2014-08-03,643.62,0,2014,8,3,6,6
2014-08-04,498.92,0,2014,8,4,0,6
2014-08-05,478.36,1,2014,8,5,1,3
2014-08-06,499.7,0,2014,8,6,2,6
2014-08-07,540.74,2,2014,8,7,3,6
2014-08-08,506.04,2,2014,8,8,4,6
2014-08-09,575.59,3,2014,8,9,5,6
2014-08-10,571.34,2,2014,8,10,6,3
2014-08-11,398.0,1,2014,8,11,0,6
2014-08-12,597.45,1,2014,8,12,1,6
2014-08-13,528.36,2,2014,8,13,2,6
2014-08-14,433.49,0,2014,8,14,3,6
2014-08-15,477.49,2,2014,8,15,4,3
2014-08-16,690.22,1,2014,8,16,5,6
2014-08-17,737.24,1,2014,8,17,6,6
2014-08-18,434.0,1,2014,8,18,0,6
2014-08-19,482.53,2,2014,8,19,1,6
2014-08-20,516.39,1,2014,8,20,2,6
2014-08-21,453.06,1,2014,8,21,3,6
2014-08-22,494.7,1,2014,8,22,4,6
2014-08-23,732.16,0,2014,8,23,5,6
2014-08-24,697.58,0,2014,8,24,6,3
2014-08-25,415.2,2,2014,8,25,0,6
2014-08-26,498.34,2,2014,8,26,1,6
2014-08-27,580.71,3,2014,8,27,2,6
2014-08-28,392.31,1,2014,8,28,3,6
2014-08-29,525.19,2,2014,8,29,4,6
2014-08-30,744.64,1,2014,8,30,5,6
2014-08-31,812.62,2,2014,8,31,6,6
2014-09-01,633.95,0,2014,9,1,0,6
2014-09-02,522.09,1,2014,9,2,1,6
2014-09-03,604.0,1,2014,9,3,2,6
2014-09-04,409.25,1,2014,9,4,3,6
2014-09-05,558.92,1,2014,9,5,4,6
2014-09-06,869.54,1,2014,9,6,5,6
2014-09-07,774.55,1,2014,9,7,6,6
2014-09-08,395.0,1,2014,9,8,0,6
2014-09-09,475.14,2,2014,9,9,1,6
2014-09-10,522.88,2,2014,9,10,2,6
2014-09-11,331.64,0,2014,9,11,3,6
2014-09-12,429.0,1,2014,9,12,4,6
2014-09-13,766.39,0,2014,9,13,5,6
2014-09-14,721.0,0,2014,9,14,6,6
2014-09-15,456.13,0,2014,9,15,0,6
2014-09-16,493.26,1,2014,9,16,1,6
2014-09-17,492.0,1,2014,9,17,2,6
2014-09-18,350.0,1,2014,9,18,3,6
2014-09-19,428.4,0,2014,9,19,4,6
2014-09-20,694.99,1,2014,9,20,5,6
2014-09-21,637.1,1,2014,9,21,6,6
2014-09-22,369.0,1,2014,9,22,0,6
2014-09-23,407.32,0,2014,9,23,1,6
2014-09-24,547.62,3,2014,9,24,2,6
2014-09-25,379.48,0,2014,9,25,3,6
2014-09-26,508.26,1,2014,9,26,4,6
2014-09-27,842.94,1,2014,9,27,5,6
2014-09-28,720.35,0,2014,9,28,6,3
2014-09-29,375.86,0,2014,9,29,0,6
2014-09-30,365.24,0,2014,9,30,1,6
2014-10-01,680.0,1,2014,10,1,2,6
2014-10-02,447.0,0,2014,10,2,3,6
2014-10-03,627.04,2,2014,10,3,4,6
2014-10-04,828.59,1,2014,10,4,5,6
2014-10-05,870.42,0,2014,10,5,6,6
2014-10-06,354.0,2,2014,10,6,0,6
2014-10-07,373.0,1,2014,10,7,1,3
2014-10-08,609.08,1,2014,10,8,2,6
2014-10-09,414.0,0,2014,10,9,3,3
2014-10-10,699.49,3,2014,10,10,4,4
2014-10-11,635.62,2,2014,10,11,5,6
2014-10-12,615.7,1,2014,10,12,6,6
2014-10-13,330.49,1,2014,10,13,0,6
2014-10-14,348.6,1,2014,10,14,1,6
2014-10-15,511.45,1,2014,10,15,2,6
2014-10-16,402.62,2,2014,10,16,3,6
2014-10-17,535.68,2,2014,10,17,4,6
2014-10-18,722.19,0,2014,10,18,5,6
2014-10-19,700.68,0,2014,10,19,6,6
2014-10-20,425.84,1,2014,10,20,0,6
2014-10-21,475.82,1,2014,10,21,1,6
2014-10-22,513.27,0,2014,10,22,2,6
2014-10-23,347.61,0,2014,10,23,3,6
2014-10-24,386.61,1,2014,10,24,4,6
2014-10-25,553.48,2,2014,10,25,5,6
2014-10-26,526.22,3,2014,10,26,6,6
2014-10-27,342.98,1,2014,10,27,0,6
2014-10-28,303.02,2,2014,10,28,1,6
2014-10-29,378.71,2,2014,10,29,2,6
2014-10-30,268.67,1,2014,10,30,3,6
2014-10-31,466.3,3,2014,10,31,4,6
2014-11-01,632.2,0,2014,11,1,5,6
2014-11-02,569.38,0,2014,11,2,6,3
2014-11-03,707.52,0,2014,11,3,0,3
2014-11-04,394.85,1,2014,11,4,1,6
2014-11-05,535.65,3,2014,11,5,2,6
2014-11-06,397.87,1,2014,11,6,3,3
2014-11-07,486.95,2,2014,11,7,4,3
2014-11-08,707.82,2,2014,11,8,5,6
2014-11-09,638.3,1,2014,11,9,6,6
2014-11-10,282.3,1,2014,11,10,0,3
2014-11-11,407.84,1,2014,11,11,1,3
2014-11-12,489.76,3,2014,11,12,2,3
2014-11-13,352.32,0,2014,11,13,3,6
2014-11-14,481.27,1,2014,11,14,4,6
2014-11-15,641.66,2,2014,11,15,5,6
2014-11-16,553.54,3,2014,11,16,6,6
2014-11-17,374.81,4,2014,11,17,0,6
2014-11-18,392.98,1,2014,11,18,1,6
2014-11-19,457.92,1,2014,11,19,2,6
2014-11-20,316.78,2,2014,11,20,3,6
2014-11-21,436.45,4,2014,11,21,4,6
2014-11-22,646.43,1,2014,11,22,5,6
2014-11-23,711.93,3,2014,11,23,6,6
2014-11-24,432.0,1,2014,11,24,0,6
2014-11-25,474.2,1,2014,11,25,1,6
2014-11-26,454.0,2,2014,11,26,2,6
2014-11-27,409.58,2,2014,11,27,3,6
2014-11-28,481.09,2,2014,11,28,4,2
2014-11-29,824.7,3,2014,11,29,5,6
2014-11-30,896.81,2,2014,11,30,6,6
2014-12-01,595.88,1,2014,12,1,0,2
2014-12-02,595.31,5,2014,12,2,1,6
2014-12-03,625.4,2,2014,12,3,2,6
2014-12-04,490.51,3,2014,12,4,3,6
2014-12-05,664.7,2,2014,12,5,4,0
2014-12-06,858.56,4,2014,12,6,5,3
2014-12-07,1090.34,3,2014,12,7,6,6
2014-12-08,600.11,4,2014,12,8,0,3
2014-12-09,6866.47,4,2014,12,9,1,6
2014-12-10,3384.31,7,2014,12,10,2,6
2014-12-11,680.76,3,2014,12,11,3,6
2014-12-12,1141.74,3,2014,12,12,4,6
2014-12-13,1729.61,4,2014,12,13,5,6
2014-12-14,1671.18,6,2014,12,14,6,6
2014-12-15,1481.99,3,2014,12,15,0,6
2014-12-16,1852.77,3,2014,12,16,1,6
2014-12-17,2335.05,3,2014,12,17,2,6
2014-12-18,3454.15,5,2014,12,18,3,6
2014-12-19,2297.16,2,2014,12,19,4,6
2014-12-20,3170.92,5,2014,12,20,5,5
2014-12-21,3454.38,6,2014,12,21,6,0
2014-12-22,3581.49,5,2014,12,22,0,3
2014-12-22,3581.49,5,2014,12,22,0,0
2014-12-23,3249.26,4,2014,12,23,1,0
2014-12-24,1577.72,2,2014,12,24,2,0
2014-12-26,1101.46,5,2014,12,26,4,1
2014-12-26,1101.46,5,2014,12,26,4,0
2014-12-27,913.49,3,2014,12,27,5,6
2014-12-28,978.15,4,2014,12,28,6,6
2014-12-29,1324.85,5,2014,12,29,0,6
2014-12-30,1631.35,1,2014,12,30,1,6
2014-12-31,887.17,1,2014,12,31,2,0
2015-01-01,0.0,0,2015,1,1,3,3
2015-01-02,609.22,3,2015,1,2,4,1
2015-01-03,591.0,3,2015,1,3,5,6
2015-01-04,711.63,0,2015,1,4,6,6
2015-01-05,528.76,3,2015,1,5,0,6
2015-01-06,437.24,3,2015,1,6,1,6
2015-01-07,506.44,1,2015,1,7,2,6
2015-01-08,413.85,1,2015,1,8,3,6
2015-01-09,465.48,3,2015,1,9,4,6
2015-01-10,667.05,3,2015,1,10,5,5
2015-01-11,744.85,2,2015,1,11,6,6
2015-01-12,391.79,3,2015,1,12,0,6
2015-01-13,350.38,3,2015,1,13,1,6
2015-01-14,484.97,3,2015,1,14,2,6
2015-01-15,294.74,1,2015,1,15,3,6
2015-01-16,455.54,3,2015,1,16,4,6
2015-01-17,696.64,2,2015,1,17,5,6
2015-01-18,613.42,1,2015,1,18,6,6
2015-01-19,355.62,0,2015,1,19,0,6
2015-01-20,365.11,2,2015,1,20,1,6
2015-01-21,508.86,5,2015,1,21,2,6
2015-01-22,397.17,2,2015,1,22,3,6
2015-01-23,417.0,2,2015,1,23,4,6
2015-01-24,685.84,4,2015,1,24,5,6
2015-01-25,589.38,2,2015,1,25,6,6
2015-01-26,357.9,1,2015,1,26,0,6
2015-01-27,283.0,0,2015,1,27,1,6
2015-01-28,397.08,3,2015,1,28,2,6
2015-01-29,309.7,1,2015,1,29,3,6
2015-01-30,462.36,3,2015,1,30,4,6
2015-01-31,804.3,3,2015,1,31,5,6
2015-02-01,829.71,2,2015,2,1,6,6
2015-02-02,371.72,2,2015,2,2,0,6
2015-02-03,301.0,1,2015,2,3,1,6
2015-02-04,498.32,4,2015,2,4,2,6
2015-02-05,320.01,3,2015,2,5,3,6
2015-02-06,451.02,3,2015,2,6,4,6
2015-02-07,624.34,2,2015,2,7,5,6
2015-02-08,637.73,3,2015,2,8,6,6
2015-02-09,385.0,1,2015,2,9,0,6
2015-02-10,341.0,2,2015,2,10,1,6
2015-02-11,335.25,3,2015,2,11,2,6
2015-02-12,256.18,2,2015,2,12,3,6
2015-02-13,406.51,3,2015,2,13,4,6
2015-02-14,484.01,1,2015,2,14,5,6
2015-02-15,447.55,3,2015,2,15,6,6
2015-02-16,470.0,1,2015,2,16,0,3
2015-02-17,440.77,2,2015,2,17,1,3
2015-02-18,397.0,1,2015,2,18,2,6
2015-02-19,348.0,0,2015,2,19,3,6
2015-02-20,408.21,0,2015,2,20,4,6
2015-02-21,652.0,1,2015,2,21,5,6
2015-02-22,548.0,1,2015,2,22,6,6
2015-02-23,300.0,1,2015,2,23,0,6
2015-02-24,308.89,0,2015,2,24,1,6
2015-02-25,443.0,1,2015,2,25,2,6
2015-02-26,287.4,2,2015,2,26,3,6
2015-02-27,465.04,1,2015,2,27,4,6
2015-02-28,721.25,2,2015,2,28,5,6
2015-03-01,861.68,2,2015,3,1,6,6
2015-03-02,426.0,1,2015,3,2,0,3
2015-03-03,374.0,1,2015,3,3,1,6
2015-03-04,418.87,3,2015,3,4,2,6
2015-03-05,308.0,0,2015,3,5,3,6
2015-03-06,474.99,0,2015,3,6,4,6
2015-03-07,623.66,1,2015,3,7,5,6
2015-03-08,685.16,2,2015,3,8,6,6
2015-03-09,428.73,0,2015,3,9,0,6
2015-03-10,460.79,0,2015,3,10,1,6
2015-03-11,489.52,1,2015,3,11,2,6
2015-03-12,298.0,0,2015,3,12,3,6
2015-03-13,435.11,1,2015,3,13,4,6
2015-03-14,611.63,1,2015,3,14,5,6
2015-03-15,601.55,0,2015,3,15,6,6
2015-03-16,371.0,0,2015,3,16,0,6
2015-03-17,342.0,0,2015,3,17,1,6
2015-03-18,363.11,1,2015,3,18,2,6
2015-03-19,289.03,1,2015,3,19,3,6
2015-03-20,365.58,0,2015,3,20,4,6
2015-03-21,642.0,0,2015,3,21,5,6
2015-03-22,602.95,0,2015,3,22,6,6
2015-03-23,328.62,0,2015,3,23,0,6
2015-03-24,321.0,0,2015,3,24,1,6
2015-03-25,456.82,0,2015,3,25,2,6
2015-03-26,315.46,0,2015,3,26,3,6
2015-03-27,411.74,1,2015,3,27,4,6
2015-03-28,665.07,1,2015,3,28,5,6
2015-03-29,554.0,0,2015,3,29,6,6
2015-03-30,325.0,0,2015,3,30,0,6
2015-03-31,348.0,0,2015,3,31,1,6
2015-04-01,465.52,1,2015,4,1,2,3
2015-04-02,396.0,2,2015,4,2,3,6
2015-04-03,478.67,2,2015,4,3,4,3
2015-04-04,623.88,3,2015,4,4,5,6
2015-04-05,650.3,3,2015,4,5,6,6
2015-04-06,359.54,4,2015,4,6,0,6
2015-04-07,456.9,4,2015,4,7,1,6
2015-04-08,482.53,4,2015,4,8,2,6
2015-04-09,377.0,4,2015,4,9,3,6
2015-04-10,485.0,5,2015,4,10,4,6
2015-04-11,666.0,5,2015,4,11,5,6
2015-04-12,621.0,3,2015,4,12,6,3
2015-04-13,492.0,3,2015,4,13,0,6
2015-04-14,381.69,4,2015,4,14,1,3
2015-04-15,461.68,6,2015,4,15,2,6
2015-04-16,373.12,4,2015,4,16,3,6
2015-04-17,530.42,7,2015,4,17,4,6
2015-04-18,704.11,5,2015,4,18,5,6
2015-04-19,712.34,6,2015,4,19,6,6
2015-04-20,334.37,5,2015,4,20,0,6
2015-04-21,337.0,6,2015,4,21,1,3
2015-04-22,430.0,7,2015,4,22,2,6
2015-04-23,330.72,4,2015,4,23,3,6
2015-04-24,459.9,6,2015,4,24,4,6
2015-04-25,626.58,3,2015,4,25,5,6
2015-04-26,665.0,1,2015,4,26,6,6
2015-04-27,277.0,3,2015,4,27,0,6
2015-04-28,328.0,1,2015,4,28,1,6
2015-04-29,367.0,4,2015,4,29,2,6
2015-04-30,462.37,1,2015,4,30,3,6
2015-05-01,706.91,7,2015,5,1,4,3
2015-05-02,725.16,4,2015,5,2,5,6
2015-05-03,627.01,2,2015,5,3,6,6
2015-05-04,417.17,2,2015,5,4,0,6
2015-05-05,439.0,1,2015,5,5,1,6
2015-05-06,464.99,1,2015,5,6,2,6
2015-05-07,342.72,3,2015,5,7,3,6
2015-05-08,566.58,8,2015,5,8,4,6
2015-05-09,909.49,3,2015,5,9,5,0
2015-05-10,538.3,2,2015,5,10,6,2
2015-05-11,443.75,0,2015,5,11,0,6
2015-05-12,327.71,1,2015,5,12,1,3
2015-05-13,347.01,3,2015,5,13,2,6
2015-05-14,312.81,1,2015,5,14,3,6
2015-05-15,491.12,7,2015,5,15,4,6
2015-05-16,743.52,2,2015,5,16,5,6
2015-05-17,631.44,1,2015,5,17,6,6
2015-05-18,390.0,2,2015,5,18,0,6
2015-05-19,394.62,2,2015,5,19,1,6
2015-05-20,453.23,3,2015,5,20,2,6
2015-05-21,392.8,2,2015,5,21,3,6
2015-05-22,469.61,5,2015,5,22,4,6
2015-05-23,644.82,2,2015,5,23,5,6
2015-05-24,641.32,2,2015,5,24,6,3
2015-05-25,356.85,2,2015,5,25,0,6
2015-05-26,362.1,0,2015,5,26,1,6
2015-05-27,516.32,1,2015,5,27,2,6
2015-05-28,374.39,1,2015,5,28,3,6
2015-05-29,437.48,6,2015,5,29,4,6
2015-05-30,696.48,2,2015,5,30,5,6
2015-05-31,783.0,1,2015,5,31,6,6
2015-06-01,473.81,1,2015,6,1,0,6
2015-06-02,382.98,4,2015,6,2,1,6
2015-06-03,444.35,2,2015,6,3,2,6
2015-06-04,463.28,1,2015,6,4,3,6
2015-06-05,536.2,4,2015,6,5,4,6
2015-06-06,669.06,2,2015,6,6,5,6
2015-06-07,591.85,2,2015,6,7,6,6
2015-06-08,315.21,2,2015,6,8,0,6
2015-06-09,469.7,0,2015,6,9,1,6
2015-06-10,460.13,1,2015,6,10,2,6
2015-06-11,395.0,1,2015,6,11,3,6
2015-06-12,451.55,5,2015,6,12,4,6
2015-06-13,710.49,2,2015,6,13,5,6
2015-06-14,663.64,0,2015,6,14,6,6
2015-06-15,348.0,1,2015,6,15,0,6
2015-06-16,457.14,5,2015,6,16,1,6
2015-06-17,489.06,3,2015,6,17,2,6
2015-06-18,359.46,3,2015,6,18,3,6
2015-06-19,593.49,4,2015,6,19,4,6
2015-06-20,857.71,2,2015,6,20,5,6
2015-06-21,512.12,1,2015,6,21,6,6
2015-06-22,400.0,3,2015,6,22,0,6
2015-06-23,398.74,3,2015,6,23,1,3
2015-06-24,512.06,3,2015,6,24,2,6
2015-06-25,335.0,1,2015,6,25,3,3
2015-06-25,335.0,1,2015,6,25,3,3
2015-06-25,335.0,1,2015,6,25,3,3
2015-06-26,485.19,4,2015,6,26,4,6
2015-06-27,652.68,1,2015,6,27,5,6
2015-06-28,658.36,1,2015,6,28,6,6
2015-06-29,347.0,1,2015,6,29,0,6
2015-06-30,331.91,1,2015,6,30,1,6
2015-07-01,614.81,1,2015,7,1,2,6
2015-07-02,453.78,1,2015,7,2,3,6
2015-07-03,719.2,3,2015,7,3,4,3
2015-07-03,719.2,3,2015,7,3,4,3
2015-07-04,721.68,1,2015,7,4,5,6
2015-07-05,525.0,0,2015,7,5,6,6
2015-07-06,245.52,1,2015,7,6,0,6
2015-07-07,242.13,0,2015,7,7,1,6
2015-07-08,662.16,1,2015,7,8,2,6
2015-07-09,451.0,0,2015,7,9,3,6
2015-07-10,459.73,2,2015,7,10,4,6
2015-07-11,630.76,0,2015,7,11,5,6
2015-07-12,443.0,0,2015,7,12,6,6
2015-07-13,502.4,0,2015,7,13,0,6
2015-07-14,437.83,1,2015,7,14,1,6
2015-07-15,460.5,1,2015,7,15,2,6
2015-07-16,398.43,1,2015,7,16,3,6
2015-07-17,626.48,0,2015,7,17,4,6
2015-07-18,665.71,0,2015,7,18,5,6
2015-07-19,591.0,1,2015,7,19,6,6
2015-07-20,414.93,0,2015,7,20,0,6
2015-07-21,460.28,0,2015,7,21,1,6
2015-07-22,466.0,0,2015,7,22,2,6
2015-07-23,400.54,1,2015,7,23,3,3
2015-07-24,490.75,1,2015,7,24,4,3
2015-07-25,682.41,0,2015,7,25,5,3
2015-07-26,492.07,0,2015,7,26,6,6
2015-07-27,443.33,1,2015,7,27,0,6
2015-07-28,366.23,0,2015,7,28,1,6
2015-07-29,456.2,1,2015,7,29,2,6
2015-07-30,427.29,0,2015,7,30,3,6
2015-07-31,567.35,2,2015,7,31,4,6
2015-08-01,829.77,1,2015,8,1,5,6
2015-08-02,724.92,1,2015,8,2,6,6
2015-08-03,564.94,1,2015,8,3,0,6
2015-08-04,483.92,4,2015,8,4,1,6
2015-08-05,477.46,2,2015,8,5,2,3
2015-08-06,450.16,1,2015,8,6,3,6
2015-08-07,460.91,3,2015,8,7,4,6
2015-08-08,590.82,2,2015,8,8,5,6
2015-08-09,381.0,1,2015,8,9,6,6
2015-08-10,556.31,2,2015,8,10,0,3
2015-08-11,407.0,1,2015,8,11,1,6
2015-08-12,518.74,5,2015,8,12,2,6
2015-08-13,327.11,2,2015,8,13,3,6
2015-08-14,558.2,2,2015,8,14,4,6
2015-08-15,681.31,3,2015,8,15,5,3
2015-08-16,566.58,1,2015,8,16,6,6
2015-08-17,392.0,2,2015,8,17,0,6
2015-08-18,384.81,1,2015,8,18,1,6
2015-08-19,425.02,2,2015,8,19,2,6
2015-08-20,356.0,2,2015,8,20,3,6
2015-08-21,471.95,3,2015,8,21,4,6
2015-08-22,559.91,2,2015,8,22,5,6
2015-08-23,602.93,2,2015,8,23,6,6
2015-08-24,378.0,1,2015,8,24,0,3
2015-08-25,424.98,2,2015,8,25,1,6
2015-08-26,416.56,2,2015,8,26,2,6
2015-08-27,434.35,1,2015,8,27,3,6
2015-08-28,502.33,3,2015,8,28,4,6
2015-08-29,634.23,1,2015,8,29,5,6
2015-08-30,682.0,1,2015,8,30,6,6
2015-08-31,432.63,1,2015,8,31,0,6
2015-09-01,539.0,1,2015,9,1,1,6
2015-09-02,583.51,1,2015,9,2,2,6
2015-09-03,450.4,1,2015,9,3,3,6
2015-09-04,598.3,2,2015,9,4,4,6
2015-09-05,827.74,1,2015,9,5,5,6
2015-09-06,688.0,5,2015,9,6,6,6
2015-09-07,343.0,1,2015,9,7,0,6
2015-09-08,345.93,2,2015,9,8,1,6
2015-09-09,430.34,1,2015,9,9,2,6
2015-09-10,386.92,1,2015,9,10,3,6
2015-09-11,450.02,1,2015,9,11,4,6
2015-09-12,617.69,1,2015,9,12,5,6
2015-09-13,652.0,1,2015,9,13,6,6
2015-09-14,428.5,2,2015,9,14,0,6
2015-09-15,387.0,1,2015,9,15,1,6
2015-09-16,502.65,1,2015,9,16,2,6
2015-09-17,472.99,2,2015,9,17,3,6
2015-09-18,602.36,2,2015,9,18,4,6
2015-09-19,745.72,1,2015,9,19,5,6
2015-09-20,570.0,1,2015,9,20,6,6
2015-09-21,366.71,2,2015,9,21,0,6
2015-09-22,326.0,1,2015,9,22,1,6
2015-09-23,424.2,2,2015,9,23,2,6
2015-09-24,383.0,3,2015,9,24,3,6
2015-09-25,472.57,2,2015,9,25,4,6
2015-09-26,751.0,1,2015,9,26,5,6
2015-09-27,609.0,1,2015,9,27,6,6
2015-09-28,317.82,1,2015,9,28,0,3
2015-09-29,385.52,2,2015,9,29,1,6
2015-09-30,462.72,1,2015,9,30,2,6
2015-10-01,442.71,0,2015,10,1,3,6
2015-10-02,631.0,0,2015,10,2,4,6
2015-10-03,960.01,0,2015,10,3,5,6
2015-10-04,832.27,0,2015,10,4,6,6
2015-10-05,472.16,0,2015,10,5,0,6
2015-10-06,431.77,0,2015,10,6,1,6
2015-10-07,567.56,0,2015,10,7,2,3
2015-10-08,404.14,0,2015,10,8,3,6
2015-10-09,635.69,1,2015,10,9,4,3
2015-10-10,621.9,0,2015,10,10,5,6
2015-10-11,613.76,0,2015,10,11,6,6
2015-10-12,380.48,0,2015,10,12,0,6
2015-10-13,200.99,0,2015,10,13,1,6
2015-10-14,521.96,0,2015,10,14,2,6
2015-10-15,448.35,0,2015,10,15,3,6
2015-10-16,539.51,0,2015,10,16,4,6
2015-10-17,876.53,0,2015,10,17,5,6
2015-10-18,629.99,0,2015,10,18,6,6
2015-10-19,355.11,0,2015,10,19,0,6
2015-10-20,389.71,0,2015,10,20,1,6
2015-10-21,473.65,0,2015,10,21,2,6
2015-10-22,476.48,0,2015,10,22,3,6
2015-10-23,556.16,1,2015,10,23,4,6
2015-10-24,747.56,0,2015,10,24,5,6
2015-10-25,650.9,0,2015,10,25,6,6
2015-10-26,414.31,0,2015,10,26,0,6
2015-10-27,416.04,1,2015,10,27,1,6
2015-10-28,364.44,0,2015,10,28,2,6
2015-10-29,347.48,1,2015,10,29,3,6
2015-10-30,484.64,2,2015,10,30,4,6
2015-10-31,701.4,1,2015,10,31,5,6
2015-11-01,556.6,3,2015,11,1,6,6
2015-11-02,513.81,1,2015,11,2,0,3
2015-11-03,666.66,1,2015,11,3,1,3
2015-11-04,448.12,1,2015,11,4,2,6
2015-11-05,455.84,3,2015,11,5,3,6
2015-11-06,405.0,4,2015,11,6,4,3
2015-11-07,714.4,2,2015,11,7,5,3
2015-11-08,606.47,1,2015,11,8,6,6
2015-11-09,348.95,2,2015,11,9,0,6
2015-11-10,469.18,2,2015,11,10,1,3
2015-11-11,423.0,1,2015,11,11,2,3
2015-11-12,308.42,1,2015,11,12,3,3
2015-11-13,527.53,4,2015,11,13,4,6
2015-11-14,752.47,1,2015,11,14,5,6
2015-11-15,781.65,2,2015,11,15,6,6
2015-11-16,371.99,2,2015,11,16,0,6
2015-11-17,462.45,1,2015,11,17,1,6
2015-11-18,456.17,3,2015,11,18,2,6
2015-11-19,591.72,5,2015,11,19,3,6
2015-11-20,647.41,1,2015,11,20,4,6
2015-11-21,734.63,4,2015,11,21,5,6
2015-11-22,858.99,3,2015,11,22,6,6
2015-11-23,619.23,2,2015,11,23,0,6
2015-11-24,655.93,1,2015,11,24,1,6
2015-11-25,630.06,3,2015,11,25,2,6
2015-11-26,468.69,1,2015,11,26,3,6
2015-11-27,689.33,1,2015,11,27,4,2
2015-11-28,836.67,3,2015,11,28,5,6
2015-11-29,918.52,4,2015,11,29,6,6
2015-11-30,481.41,4,2015,11,30,0,2
2015-12-01,695.73,1,2015,12,1,1,6
2015-12-02,668.28,1,2015,12,2,2,6
2015-12-03,679.11,1,2015,12,3,3,6
2015-12-04,750.09,2,2015,12,4,4,6
2015-12-05,1126.19,1,2015,12,5,5,0
2015-12-06,1244.95,1,2015,12,6,6,3
2015-12-07,862.74,2,2015,12,7,0,6
2015-12-08,845.12,3,2015,12,8,1,3
2015-12-09,1158.25,2,2015,12,9,2,6
2015-12-10,1060.95,3,2015,12,10,3,6
2015-12-11,1463.88,3,2015,12,11,4,6
2015-12-12,1846.02,2,2015,12,12,5,6
2015-12-13,2043.04,3,2015,12,13,6,6
2015-12-14,1920.01,3,2015,12,14,0,6
2015-12-15,2523.46,4,2015,12,15,1,6
2015-12-16,4211.2,2,2015,12,16,2,6
2015-12-17,3332.65,2,2015,12,17,3,6
2015-12-18,4451.96,2,2015,12,18,4,6
2015-12-19,8170.47,1,2015,12,19,5,6
2015-12-20,6262.28,4,2015,12,20,6,6
2015-12-21,10092.62,2,2015,12,21,0,0
2015-12-22,6288.75,1,2015,12,22,1,0
2015-12-22,6288.75,1,2015,12,22,1,3
2015-12-23,5152.43,1,2015,12,23,2,0
2015-12-24,2016.35,0,2015,12,24,3,0
2015-12-26,1208.01,1,2015,12,26,5,0
2015-12-27,1249.4,0,2015,12,27,6,6
2015-12-28,1489.33,2,2015,12,28,0,6
2015-12-29,1927.45,3,2015,12,29,1,6
2015-12-30,1872.59,3,2015,12,30,2,6
2015-12-31,1142.65,1,2015,12,31,3,0
2016-01-01,0.0,0,2016,1,1,4,3
2016-01-02,810.72,1,2016,1,2,5,6
2016-01-03,988.85,1,2016,1,3,6,6
2016-01-04,730.19,2,2016,1,4,0,6
2016-01-05,733.73,1,2016,1,5,1,6
2016-01-06,634.32,0,2016,1,6,2,6
2016-01-07,525.29,1,2016,1,7,3,6
2016-01-08,622.22,3,2016,1,8,4,6
2016-01-09,846.94,1,2016,1,9,5,6
2016-01-10,749.35,3,2016,1,10,6,6
2016-01-11,430.45,0,2016,1,11,0,6
2016-01-12,381.8,2,2016,1,12,1,6
2016-01-13,427.87,1,2016,1,13,2,6
2016-01-14,413.59,2,2016,1,14,3,6
2016-01-15,593.79,3,2016,1,15,4,6
2016-01-16,827.66,3,2016,1,16,5,6
2016-01-17,674.58,3,2016,1,17,6,6
2016-01-18,401.1,4,2016,1,18,0,6
2016-01-19,529.13,7,2016,1,19,1,6
2016-01-20,581.59,7,2016,1,20,2,6
2016-01-21,262.08,1,2016,1,21,3,6
2016-01-22,544.91,4,2016,1,22,4,6
2016-01-23,751.57,3,2016,1,23,5,6
2016-01-24,618.98,3,2016,1,24,6,6
2016-01-25,344.11,3,2016,1,25,0,6
2016-01-26,382.38,2,2016,1,26,1,6
2016-01-27,422.0,3,2016,1,27,2,6
2016-01-28,430.88,3,2016,1,28,3,6
2016-01-29,430.68,4,2016,1,29,4,6
2016-01-30,799.49,3,2016,1,30,5,6
2016-01-31,708.56,3,2016,1,31,6,6
2016-02-01,438.87,3,2016,2,1,0,6
2016-02-02,413.95,3,2016,2,2,1,6
2016-02-03,439.0,3,2016,2,3,2,6
2016-02-04,363.53,4,2016,2,4,3,6
2016-02-05,548.5,4,2016,2,5,4,6
2016-02-06,661.14,4,2016,2,6,5,6
2016-02-07,505.81,4,2016,2,7,6,6
2016-02-08,543.98,4,2016,2,8,0,3
2016-02-09,587.33,4,2016,2,9,1,3
2016-02-10,486.44,3,2016,2,10,2,6
2016-02-11,431.08,4,2016,2,11,3,6
2016-02-12,429.43,5,2016,2,12,4,6
2016-02-13,749.99,4,2016,2,13,5,6
2016-02-14,643.98,4,2016,2,14,6,6
2016-02-15,431.04,3,2016,2,15,0,6
2016-02-16,456.0,4,2016,2,16,1,6
2016-02-17,523.92,4,2016,2,17,2,6
2016-02-18,379.66,4,2016,2,18,3,6
2016-02-19,469.9,4,2016,2,19,4,6
2016-02-20,673.0,4,2016,2,20,5,6
2016-02-21,540.0,3,2016,2,21,6,6
2016-02-22,410.25,3,2016,2,22,0,6
2016-02-23,357.0,2,2016,2,23,1,6
2016-02-24,549.54,4,2016,2,24,2,6
2016-02-25,427.71,1,2016,2,25,3,6
2016-02-26,494.04,1,2016,2,26,4,6
2016-02-27,651.24,0,2016,2,27,5,6
2016-02-28,691.98,1,2016,2,28,6,6
2016-02-29,363.71,1,2016,2,29,0,6
2016-03-01,481.74,1,2016,3,1,1,6
2016-03-02,484.79,1,2016,3,2,2,3
2016-03-03,433.02,0,2016,3,3,3,6
2016-03-04,438.48,0,2016,3,4,4,6
2016-03-05,793.62,0,2016,3,5,5,6
2016-03-06,707.08,0,2016,3,6,6,6
2016-03-07,439.09,0,2016,3,7,0,6
2016-03-08,386.0,0,2016,3,8,1,6
2016-03-09,461.0,0,2016,3,9,2,6
2016-03-10,353.0,0,2016,3,10,3,6
2016-03-11,500.54,0,2016,3,11,4,6
2016-03-12,711.0,1,2016,3,12,5,6
2016-03-13,684.08,0,2016,3,13,6,6
2016-03-14,342.0,0,2016,3,14,0,6
2016-03-15,377.91,0,2016,3,15,1,6
2016-03-16,469.39,0,2016,3,16,2,6
2016-03-17,338.66,1,2016,3,17,3,6
2016-03-18,547.54,2,2016,3,18,4,6
2016-03-19,659.88,1,2016,3,19,5,6
2016-03-20,644.56,1,2016,3,20,6,6
2016-03-21,390.41,0,2016,3,21,0,6
2016-03-22,392.0,0,2016,3,22,1,6
2016-03-23,446.78,0,2016,3,23,2,6
2016-03-24,393.79,0,2016,3,24,3,6
2016-03-25,470.73,1,2016,3,25,4,3
2016-03-26,560.79,0,2016,3,26,5,6
2016-03-27,474.54,0,2016,3,27,6,6
2016-03-28,345.36,0,2016,3,28,0,6
2016-03-29,280.92,0,2016,3,29,1,6
2016-03-30,372.55,0,2016,3,30,2,6
2016-03-31,357.02,0,2016,3,31,3,6
2016-04-01,694.09,1,2016,4,1,4,3
2016-04-02,827.76,0,2016,4,2,5,6
2016-04-03,766.35,0,2016,4,3,6,6
2016-04-04,412.0,0,2016,4,4,0,6
2016-04-05,451.39,0,2016,4,5,1,6
2016-04-06,420.0,0,2016,4,6,2,6
2016-04-07,292.07,0,2016,4,7,3,6
2016-04-08,442.14,1,2016,4,8,4,6
2016-04-09,694.98,1,2016,4,9,5,6
2016-04-10,600.4,2,2016,4,10,6,6
2016-04-11,343.0,1,2016,4,11,0,6
2016-04-12,373.02,3,2016,4,12,1,3
2016-04-13,443.94,0,2016,4,13,2,6
2016-04-14,503.17,5,2016,4,14,3,3
2016-04-15,589.17,5,2016,4,15,4,6
2016-04-16,519.0,0,2016,4,16,5,2
2016-04-17,638.69,1,2016,4,17,6,2
2016-04-18,361.93,3,2016,4,18,0,2
2016-04-19,324.45,2,2016,4,19,1,2
2016-04-20,479.28,2,2016,4,20,2,2
2016-04-21,335.94,4,2016,4,21,3,3
2016-04-21,335.94,4,2016,4,21,3,2
2016-04-22,426.48,3,2016,4,22,4,2
2016-04-23,664.7,3,2016,4,23,5,2
2016-04-24,602.88,1,2016,4,24,6,2
2016-04-25,289.56,1,2016,4,25,0,2
2016-04-26,297.0,3,2016,4,26,1,2
2016-04-27,451.88,1,2016,4,27,2,2
2016-04-28,270.14,2,2016,4,28,3,2
2016-04-29,560.0,2,2016,4,29,4,2
2016-04-30,727.68,1,2016,4,30,5,2
2016-05-01,741.0,3,2016,5,1,6,3
2016-05-01,741.0,3,2016,5,1,6,2
2016-05-02,411.62,4,2016,5,2,0,2
2016-05-03,378.78,2,2016,5,3,1,2
2016-05-04,416.32,3,2016,5,4,2,2
2016-05-05,370.06,1,2016,5,5,3,2
2016-05-06,491.73,3,2016,5,6,4,2
2016-05-07,852.6,1,2016,5,7,5,0
2016-05-07,852.6,1,2016,5,7,5,2
2016-05-08,479.0,1,2016,5,8,6,2
2016-05-08,479.0,1,2016,5,8,6,2
2016-05-09,377.64,3,2016,5,9,0,2
2016-05-10,431.87,3,2016,5,10,1,2
2016-05-11,420.74,3,2016,5,11,2,2
2016-05-12,370.97,2,2016,5,12,3,3
2016-05-12,370.97,2,2016,5,12,3,2
2016-05-13,472.87,4,2016,5,13,4,2
2016-05-14,703.51,4,2016,5,14,5,2
2016-05-15,651.31,3,2016,5,15,6,2
2016-05-16,342.0,3,2016,5,16,0,2
2016-05-17,324.48,2,2016,5,17,1,6
2016-05-18,387.23,2,2016,5,18,2,6
2016-05-19,330.14,2,2016,5,19,3,6
2016-05-20,498.85,3,2016,5,20,4,6
2016-05-21,661.88,2,2016,5,21,5,6
2016-05-22,675.96,2,2016,5,22,6,6
2016-05-23,404.64,3,2016,5,23,0,6
2016-05-24,358.54,2,2016,5,24,1,3
2016-05-25,444.82,3,2016,5,25,2,6
2016-05-26,347.15,3,2016,5,26,3,6
2016-05-27,715.21,3,2016,5,27,4,4
2016-05-28,609.13,2,2016,5,28,5,6
2016-05-29,485.32,2,2016,5,29,6,6
2016-05-30,347.88,4,2016,5,30,0,6
2016-05-31,525.56,3,2016,5,31,1,6
2016-06-01,484.07,2,2016,6,1,2,6
2016-06-02,302.05,2,2016,6,2,3,6
2016-06-03,542.42,4,2016,6,3,4,6
2016-06-04,816.09,4,2016,6,4,5,6
2016-06-05,617.29,4,2016,6,5,6,6
2016-06-06,407.0,5,2016,6,6,0,6
2016-06-07,466.04,4,2016,6,7,1,6
2016-06-08,437.86,3,2016,6,8,2,6
2016-06-09,340.23,3,2016,6,9,3,6
2016-06-10,423.5,4,2016,6,10,4,6
2016-06-11,578.16,2,2016,6,11,5,6
2016-06-12,517.67,2,2016,6,12,6,6
2016-06-13,306.23,2,2016,6,13,0,6
2016-06-14,358.0,4,2016,6,14,1,6
2016-06-15,423.35,4,2016,6,15,2,6
2016-06-16,449.38,5,2016,6,16,3,6
2016-06-17,510.43,6,2016,6,17,4,6
2016-06-18,802.63,5,2016,6,18,5,6
2016-06-19,476.01,5,2016,6,19,6,6
2016-06-20,300.22,6,2016,6,20,0,6
2016-06-21,309.89,4,2016,6,21,1,6
2016-06-22,496.27,5,2016,6,22,2,6
2016-06-23,370.41,10,2016,6,23,3,3
2016-06-24,455.0,11,2016,6,24,4,6
2016-06-25,665.59,11,2016,6,25,5,3
2016-06-25,665.59,11,2016,6,25,5,3
2016-06-25,665.59,11,2016,6,25,5,3
2016-06-26,555.44,11,2016,6,26,6,6
2016-06-27,385.88,11,2016,6,27,0,6
2016-06-28,315.93,0,2016,6,28,1,6
2016-06-29,367.63,8,2016,6,29,2,6
2016-06-30,358.96,8,2016,6,30,3,6
2016-07-01,558.18,7,2016,7,1,4,6
2016-07-02,717.8,9,2016,7,2,5,6
2016-07-03,631.85,6,2016,7,3,6,3
2016-07-03,631.85,6,2016,7,3,6,3
2016-07-04,374.07,6,2016,7,4,0,6
2016-07-05,463.91,8,2016,7,5,1,6
2016-07-06,466.14,9,2016,7,6,2,6
2016-07-07,338.3,7,2016,7,7,3,6
2016-07-08,530.08,6,2016,7,8,4,6
2016-07-09,629.0,6,2016,7,9,5,6
2016-07-10,600.89,5,2016,7,10,6,6
2016-07-11,333.57,5,2016,7,11,0,6
2016-07-12,404.99,6,2016,7,12,1,6
2016-07-13,438.24,6,2016,7,13,2,6
2016-07-14,265.08,0,2016,7,14,3,6
2016-07-15,489.34,1,2016,7,15,4,6
2016-07-16,671.25,1,2016,7,16,5,6
2016-07-17,608.65,0,2016,7,17,6,6
2016-07-18,405.83,1,2016,7,18,0,6
2016-07-19,362.54,1,2016,7,19,1,6
2016-07-20,319.91,0,2016,7,20,2,6
2016-07-21,429.69,1,2016,7,21,3,6
2016-07-22,439.1,2,2016,7,22,4,6
2016-07-23,530.73,1,2016,7,23,5,3
2016-07-24,524.05,1,2016,7,24,6,0
2016-07-24,524.05,1,2016,7,24,6,4
2016-07-25,318.58,1,2016,7,25,0,3
2016-07-26,337.03,1,2016,7,26,1,6
2016-07-27,395.63,1,2016,7,27,2,6
2016-07-28,344.39,0,2016,7,28,3,6
2016-07-29,460.43,2,2016,7,29,4,6
2016-07-30,616.93,1,2016,7,30,5,6
2016-07-31,562.13,1,2016,7,31,6,6
2016-08-01,505.88,1,2016,8,1,0,6
2016-08-02,388.57,0,2016,8,2,1,6
2016-08-03,476.08,0,2016,8,3,2,6
2016-08-04,383.01,0,2016,8,4,3,6
2016-08-05,470.68,0,2016,8,5,4,3
2016-08-06,601.28,0,2016,8,6,5,6
2016-08-07,555.26,0,2016,8,7,6,6
2016-08-08,415.08,0,2016,8,8,0,6
2016-08-09,385.21,0,2016,8,9,1,6
2016-08-10,345.0,0,2016,8,10,2,3
2016-08-11,291.0,0,2016,8,11,3,6
2016-08-12,579.99,0,2016,8,12,4,4
2016-08-13,439.77,0,2016,8,13,5,6
2016-08-14,447.54,1,2016,8,14,6,6
2016-08-15,276.45,0,2016,8,15,0,3
2016-08-16,461.25,0,2016,8,16,1,6
2016-08-17,450.84,0,2016,8,17,2,6
2016-08-18,401.73,0,2016,8,18,3,6
2016-08-19,453.58,1,2016,8,19,4,6
2016-08-20,655.76,0,2016,8,20,5,6
2016-08-21,519.49,0,2016,8,21,6,6
2016-08-22,334.81,0,2016,8,22,0,6
2016-08-23,379.86,0,2016,8,23,1,6
2016-08-24,422.05,0,2016,8,24,2,3
2016-08-25,312.36,0,2016,8,25,3,6
2016-08-26,436.14,0,2016,8,26,4,6
2016-08-27,594.4,0,2016,8,27,5,6
2016-08-28,539.24,0,2016,8,28,6,6
2016-08-29,278.0,0,2016,8,29,0,6
2016-08-30,348.56,0,2016,8,30,1,6
2016-08-31,460.18,0,2016,8,31,2,6
2016-09-01,291.0,0,2016,9,1,3,6
2016-09-02,609.1,1,2016,9,2,4,6
2016-09-03,723.08,0,2016,9,3,5,6
2016-09-04,569.0,0,2016,9,4,6,6
2016-09-05,465.21,0,2016,9,5,0,6
2016-09-06,371.97,0,2016,9,6,1,6
2016-09-07,491.58,0,2016,9,7,2,6
2016-09-08,411.1,0,2016,9,8,3,6
2016-09-09,460.66,1,2016,9,9,4,6
2016-09-10,706.32,0,2016,9,10,5,6
2016-09-11,585.47,0,2016,9,11,6,6
2016-09-12,390.68,0,2016,9,12,0,6
2016-09-13,336.02,0,2016,9,13,1,6
2016-09-14,377.53,1,2016,9,14,2,6
2016-09-15,399.4,0,2016,9,15,3,6
2016-09-16,516.0,1,2016,9,16,4,6
2016-09-17,616.29,1,2016,9,17,5,6
2016-09-18,632.16,1,2016,9,18,6,6
2016-09-19,337.55,2,2016,9,19,0,6
2016-09-20,373.36,0,2016,9,20,1,6
2016-09-21,328.4,1,2016,9,21,2,6
2016-09-22,364.25,1,2016,9,22,3,6
2016-09-23,448.05,3,2016,9,23,4,6
2016-09-24,608.95,2,2016,9,24,5,6
2016-09-25,625.97,2,2016,9,25,6,6
2016-09-26,324.24,4,2016,9,26,0,6
2016-09-27,359.44,4,2016,9,27,1,6
2016-09-28,378.94,3,2016,9,28,2,3
2016-09-29,395.12,3,2016,9,29,3,6
2016-09-30,550.28,4,2016,9,30,4,6
2016-10-01,867.08,4,2016,10,1,5,6
2016-10-02,816.01,4,2016,10,2,6,6
2016-10-03,480.77,3,2016,10,3,0,6
2016-10-04,441.48,3,2016,10,4,1,6
2016-10-05,424.21,3,2016,10,5,2,6
2016-10-06,272.28,3,2016,10,6,3,6
2016-10-07,489.04,3,2016,10,7,4,3
2016-10-08,633.03,3,2016,10,8,5,6
2016-10-09,664.33,4,2016,10,9,6,3
2016-10-10,424.84,3,2016,10,10,0,6
2016-10-11,387.2,4,2016,10,11,1,6
2016-10-12,365.08,5,2016,10,12,2,6
2016-10-13,405.67,3,2016,10,13,3,6
2016-10-14,468.66,5,2016,10,14,4,6
2016-10-15,608.19,4,2016,10,15,5,6
2016-10-16,710.05,3,2016,10,16,6,6
2016-10-17,444.2,3,2016,10,17,0,6
2016-10-18,319.0,3,2016,10,18,1,6
2016-10-19,438.39,3,2016,10,19,2,6
2016-10-20,375.04,3,2016,10,20,3,6
2016-10-21,532.59,5,2016,10,21,4,6
2016-10-22,685.12,3,2016,10,22,5,6
2016-10-23,661.13,5,2016,10,23,6,6
2016-10-24,327.38,5,2016,10,24,0,6
2016-10-25,357.08,3,2016,10,25,1,6
2016-10-26,428.54,8,2016,10,26,2,6
2016-10-27,357.61,7,2016,10,27,3,6
2016-10-28,509.54,7,2016,10,28,4,6
2016-10-29,720.61,7,2016,10,29,5,6
2016-10-30,649.3,7,2016,10,30,6,6
2016-10-31,392.93,7,2016,10,31,0,6
2016-11-01,458.46,6,2016,11,1,1,6
2016-11-02,857.28,8,2016,11,2,2,3
2016-11-03,526.52,8,2016,11,3,3,3
2016-11-04,568.84,8,2016,11,4,4,1
2016-11-05,585.41,8,2016,11,5,5,6
2016-11-06,700.72,8,2016,11,6,6,3
2016-11-07,463.55,7,2016,11,7,0,3
2016-11-08,467.41,6,2016,11,8,1,6
2016-11-09,463.62,7,2016,11,9,2,6
2016-11-10,422.49,8,2016,11,10,3,3
2016-11-11,560.77,9,2016,11,11,4,3
2016-11-12,747.08,8,2016,11,12,5,3
2016-11-12,747.08,8,2016,11,12,5,5
2016-11-13,812.4,9,2016,11,13,6,6
2016-11-14,402.45,8,2016,11,14,0,6
2016-11-15,351.9,7,2016,11,15,1,6
2016-11-16,538.08,9,2016,11,16,2,6
2016-11-17,447.02,5,2016,11,17,3,6
2016-11-18,570.34,6,2016,11,18,4,6
2016-11-19,842.33,6,2016,11,19,5,6
2016-11-20,789.06,5,2016,11,20,6,6
2016-11-21,621.46,4,2016,11,21,0,6
2016-11-22,602.8,4,2016,11,22,1,6
2016-11-23,666.42,4,2016,11,23,2,6
2016-11-24,459.91,3,2016,11,24,3,6
2016-11-25,591.83,3,2016,11,25,4,2
2016-11-26,725.84,3,2016,11,26,5,6
2016-11-27,701.86,4,2016,11,27,6,6
2016-11-28,571.25,4,2016,11,28,0,2
2016-11-29,359.03,5,2016,11,29,1,6
2016-11-30,533.93,3,2016,11,30,2,6
2016-12-01,687.7,2,2016,12,1,3,6
2016-12-02,728.58,3,2016,12,2,4,6
2016-12-03,853.14,3,2016,12,3,5,6
2016-12-04,778.94,4,2016,12,4,6,6
2016-12-05,1303.53,2,2016,12,5,0,0
2016-12-06,882.86,2,2016,12,6,1,3
2016-12-07,1128.92,3,2016,12,7,2,6
2016-12-08,561.83,3,2016,12,8,3,3
2016-12-09,1006.28,2,2016,12,9,4,6
2016-12-10,1529.82,5,2016,12,10,5,6
2016-12-11,1439.36,1,2016,12,11,6,6
2016-12-12,1211.72,3,2016,12,12,0,6
2016-12-13,2917.54,2,2016,12,13,1,6
2016-12-14,2381.11,12,2016,12,14,2,6
2016-12-15,1839.44,8,2016,12,15,3,6
2016-12-16,4756.19,11,2016,12,16,4,6
2016-12-17,4120.64,10,2016,12,17,5,6
2016-12-18,5121.84,11,2016,12,18,6,6
2016-12-19,4030.01,3,2016,12,19,0,6
2016-12-20,5781.77,3,2016,12,20,1,6
2016-12-21,6263.45,4,2016,12,21,2,0
2016-12-22,4495.99,3,2016,12,22,3,0
2016-12-22,4495.99,3,2016,12,22,3,3
2016-12-23,3688.84,1,2016,12,23,4,0
2016-12-24,1688.09,2,2016,12,24,5,0
2016-12-26,1385.8,3,2016,12,26,0,0
2016-12-27,1246.85,2,2016,12,27,1,6
2016-12-28,1424.37,12,2016,12,28,2,6
2016-12-29,1737.78,13,2016,12,29,3,6
2016-12-30,1564.94,14,2016,12,30,4,6
2016-12-31,1105.76,11,2016,12,31,5,0
2017-01-01,0.0,0,2017,1,1,6,3
2017-01-02,947.77,3,2017,1,2,0,4
2017-01-03,730.35,1,2017,1,3,1,6
2017-01-04,496.69,3,2017,1,4,2,6
2017-01-05,402.08,2,2017,1,5,3,6
2017-01-06,506.96,2,2017,1,6,4,6
2017-01-07,694.59,3,2017,1,7,5,6
2017-01-08,718.29,2,2017,1,8,6,6
2017-01-09,386.98,2,2017,1,9,0,6
2017-01-10,457.93,3,2017,1,10,1,6
2017-01-11,510.88,2,2017,1,11,2,6
2017-01-12,403.68,2,2017,1,12,3,6
2017-01-13,513.25,4,2017,1,13,4,6
2017-01-14,820.32,3,2017,1,14,5,6
2017-01-15,654.22,3,2017,1,15,6,6
2017-01-16,359.92,3,2017,1,16,0,6
2017-01-17,364.8,2,2017,1,17,1,6
2017-01-18,579.64,6,2017,1,18,2,6
2017-01-19,261.2,4,2017,1,19,3,6
2017-01-20,421.94,5,2017,1,20,4,6
2017-01-21,654.98,6,2017,1,21,5,6
2017-01-22,536.16,3,2017,1,22,6,6
2017-01-23,334.54,3,2017,1,23,0,6
2017-01-24,385.28,4,2017,1,24,1,6
2017-01-25,399.9,3,2017,1,25,2,6
2017-01-26,355.36,3,2017,1,26,3,6
2017-01-27,445.44,4,2017,1,27,4,6
2017-01-28,584.69,3,2017,1,28,5,6
2017-01-29,532.01,2,2017,1,29,6,6
2017-01-30,411.43,3,2017,1,30,0,6
2017-01-31,335.83,2,2017,1,31,1,6
2017-02-01,598.39,2,2017,2,1,2,6
2017-02-02,426.97,3,2017,2,2,3,6
2017-02-03,550.68,4,2017,2,3,4,6
2017-02-04,771.86,5,2017,2,4,5,6
2017-02-05,699.5,4,2017,2,5,6,6
2017-02-06,439.91,5,2017,2,6,0,6
2017-02-07,567.46,6,2017,2,7,1,6
2017-02-08,612.67,8,2017,2,8,2,6
2017-02-09,506.1,2,2017,2,9,3,6
2017-02-10,504.19,4,2017,2,10,4,6
2017-02-11,662.5,2,2017,2,11,5,6
2017-02-12,576.84,2,2017,2,12,6,6
2017-02-13,463.4,2,2017,2,13,0,6
2017-02-14,299.0,2,2017,2,14,1,6
2017-02-15,435.57,4,2017,2,15,2,6
2017-02-16,427.26,2,2017,2,16,3,6
2017-02-17,426.55,3,2017,2,17,4,6
2017-02-18,722.52,3,2017,2,18,5,6
2017-02-19,383.0,3,2017,2,19,6,6
2017-02-20,282.85,3,2017,2,20,0,6
2017-02-21,302.76,3,2017,2,21,1,6
2017-02-22,320.08,3,2017,2,22,2,6
2017-02-23,300.72,3,2017,2,23,3,6
2017-02-24,467.0,3,2017,2,24,4,6
2017-02-25,542.06,3,2017,2,25,5,6
2017-02-26,405.0,3,2017,2,26,6,6
2017-02-27,405.0,3,2017,2,27,0,3
2017-02-28,513.69,3,2017,2,28,1,3
2017-03-01,484.25,3,2017,3,1,2,6
2017-03-02,378.44,2,2017,3,2,3,3
2017-03-03,500.82,3,2017,3,3,4,6
2017-03-04,643.12,2,2017,3,4,5,6
2017-03-05,613.0,2,2017,3,5,6,6
2017-03-06,328.18,2,2017,3,6,0,6
2017-03-07,334.3,3,2017,3,7,1,6
2017-03-08,358.0,3,2017,3,8,2,6
2017-03-09,429.57,3,2017,3,9,3,6
2017-03-10,415.6,4,2017,3,10,4,6
2017-03-11,494.36,3,2017,3,11,5,6
2017-03-12,549.04,3,2017,3,12,6,6
2017-03-13,278.2,3,2017,3,13,0,6
2017-03-14,303.87,3,2017,3,14,1,6
2017-03-15,337.34,2,2017,3,15,2,6
2017-03-16,375.61,3,2017,3,16,3,6
2017-03-17,562.13,3,2017,3,17,4,6
2017-03-18,642.58,3,2017,3,18,5,6
2017-03-19,515.59,3,2017,3,19,6,6
2017-03-20,402.63,2,2017,3,20,0,6
2017-03-21,299.04,3,2017,3,21,1,6
2017-03-22,393.56,3,2017,3,22,2,6
2017-03-23,363.62,2,2017,3,23,3,6
2017-03-24,432.98,2,2017,3,24,4,6
2017-03-25,634.92,2,2017,3,25,5,6
2017-03-26,567.45,2,2017,3,26,6,6
2017-03-27,353.0,2,2017,3,27,0,6
2017-03-28,265.04,2,2017,3,28,1,6
2017-03-29,370.0,2,2017,3,29,2,6
2017-03-30,347.14,2,2017,3,30,3,6
2017-03-31,482.94,3,2017,3,31,4,6
2017-04-01,802.14,1,2017,4,1,5,3
2017-04-02,421.79,1,2017,4,2,6,6
2017-04-03,268.4,0,2017,4,3,0,6
2017-04-04,236.0,0,2017,4,4,1,6
2017-04-05,375.66,0,2017,4,5,2,6
2017-04-06,345.5,0,2017,4,6,3,6
2017-04-07,434.64,0,2017,4,7,4,6
2017-04-08,559.02,1,2017,4,8,5,6
2017-04-09,587.2,0,2017,4,9,6,6
2017-04-10,293.7,0,2017,4,10,0,6
2017-04-11,338.59,2,2017,4,11,1,6
2017-04-12,287.93,2,2017,4,12,2,3
2017-04-13,357.62,5,2017,4,13,3,4
2017-04-14,390.2,2,2017,4,14,4,3
2017-04-14,390.2,2,2017,4,14,4,3
2017-04-15,574.42,3,2017,4,15,5,6
2017-04-16,546.24,2,2017,4,16,6,6
2017-04-17,318.0,2,2017,4,17,0,6
2017-04-18,300.45,3,2017,4,18,1,6
2017-04-19,359.55,2,2017,4,19,2,6
2017-04-20,312.27,2,2017,4,20,3,6
2017-04-21,482.8,2,2017,4,21,4,3
2017-04-22,631.3,3,2017,4,22,5,6
2017-04-23,552.0,2,2017,4,23,6,6
2017-04-24,281.0,2,2017,4,24,0,6
2017-04-25,293.7,4,2017,4,25,1,6
2017-04-26,344.65,2,2017,4,26,2,6
2017-04-27,350.13,4,2017,4,27,3,6
2017-04-28,751.72,3,2017,4,28,4,6
2017-04-29,672.4,2,2017,4,29,5,6
2017-04-30,518.67,2,2017,4,30,6,6
2017-05-01,687.97,3,2017,5,1,0,3
2017-05-02,405.57,3,2017,5,2,1,6
2017-05-03,430.6,2,2017,5,3,2,6
2017-05-04,444.29,3,2017,5,4,3,6
2017-05-05,622.73,2,2017,5,5,4,6
2017-05-06,704.13,3,2017,5,6,5,6
2017-05-07,550.2,4,2017,5,7,6,6
2017-05-08,375.42,2,2017,5,8,0,6
2017-05-09,421.14,3,2017,5,9,1,6
2017-05-10,505.08,4,2017,5,10,2,6
2017-05-11,414.61,3,2017,5,11,3,6
2017-05-12,610.93,5,2017,5,12,4,3
2017-05-13,758.87,3,2017,5,13,5,0
2017-05-14,523.12,3,2017,5,14,6,2
2017-05-15,424.25,4,2017,5,15,0,6
2017-05-16,354.85,4,2017,5,16,1,6
2017-05-17,379.15,3,2017,5,17,2,6
2017-05-18,398.8,3,2017,5,18,3,6
2017-05-19,501.9,6,2017,5,19,4,6
2017-05-20,662.48,3,2017,5,20,5,6
2017-05-21,665.23,3,2017,5,21,6,6
2017-05-22,369.26,3,2017,5,22,0,6
2017-05-23,346.29,3,2017,5,23,1,6
2017-05-24,323.24,3,2017,5,24,2,3
2017-05-25,451.11,4,2017,5,25,3,6
2017-05-26,621.3,5,2017,5,26,4,4
2017-05-27,562.77,6,2017,5,27,5,6
2017-05-28,516.81,3,2017,5,28,6,6
2017-05-29,306.3,3,2017,5,29,0,6
2017-05-30,352.92,4,2017,5,30,1,6
2017-05-31,414.49,3,2017,5,31,2,6
2017-06-01,479.71,3,2017,6,1,3,6
2017-06-02,647.45,3,2017,6,2,4,6
2017-06-03,720.86,2,2017,6,3,5,6
2017-06-04,668.46,3,2017,6,4,6,6
2017-06-05,399.63,1,2017,6,5,0,6
2017-06-06,374.59,2,2017,6,6,1,6
2017-06-07,472.54,2,2017,6,7,2,6
2017-06-08,434.84,2,2017,6,8,3,6
2017-06-09,580.0,2,2017,6,9,4,6
2017-06-10,664.46,1,2017,6,10,5,6
2017-06-11,618.28,1,2017,6,11,6,6
2017-06-12,361.34,1,2017,6,12,0,6
2017-06-13,422.32,1,2017,6,13,1,6
2017-06-14,388.94,2,2017,6,14,2,6
2017-06-15,456.44,1,2017,6,15,3,6
2017-06-16,618.64,3,2017,6,16,4,6
2017-06-17,766.68,1,2017,6,17,5,6
2017-06-18,479.68,4,2017,6,18,6,6
2017-06-19,314.68,1,2017,6,19,0,6
2017-06-20,348.61,1,2017,6,20,1,6
2017-06-21,383.4,1,2017,6,21,2,6
2017-06-22,309.32,0,2017,6,22,3,6
2017-06-23,472.22,3,2017,6,23,4,3
2017-06-24,580.55,1,2017,6,24,5,6
2017-06-25,531.76,0,2017,6,25,6,3
2017-06-25,531.76,0,2017,6,25,6,3
2017-06-25,531.76,0,2017,6,25,6,3
2017-06-26,329.6,0,2017,6,26,0,6
2017-06-27,389.88,1,2017,6,27,1,6
2017-06-28,439.45,0,2017,6,28,2,6
2017-06-29,406.45,1,2017,6,29,3,6
2017-06-30,508.78,2,2017,6,30,4,6
2017-07-01,718.68,1,2017,7,1,5,6
2017-07-02,662.56,3,2017,7,2,6,6
2017-07-03,453.37,4,2017,7,3,0,3
2017-07-03,453.37,4,2017,7,3,0,3
2017-07-04,467.21,3,2017,7,4,1,6
2017-07-05,449.69,3,2017,7,5,2,6
2017-07-06,381.6,0,2017,7,6,3,6
2017-07-07,555.54,0,2017,7,7,4,6
2017-07-08,654.3,0,2017,7,8,5,6
2017-07-09,571.74,0,2017,7,9,6,6
2017-07-10,339.03,0,2017,7,10,0,6
2017-07-11,428.79,0,2017,7,11,1,6
2017-07-12,372.04,1,2017,7,12,2,6
2017-07-13,376.08,1,2017,7,13,3,6
2017-07-14,479.23,1,2017,7,14,4,6
2017-07-15,609.65,2,2017,7,15,5,6
2017-07-16,577.25,1,2017,7,16,6,6
2017-07-17,365.81,1,2017,7,17,0,6
2017-07-18,384.46,1,2017,7,18,1,6
2017-07-19,410.21,1,2017,7,19,2,6
2017-07-20,417.13,1,2017,7,20,3,6
2017-07-21,593.73,1,2017,7,21,4,6
2017-07-22,687.37,1,2017,7,22,5,6
2017-07-23,578.0,1,2017,7,23,6,3
2017-07-24,363.74,1,2017,7,24,0,0
2017-07-25,392.63,2,2017,7,25,1,0
2017-07-26,407.07,1,2017,7,26,2,6
2017-07-27,432.44,1,2017,7,27,3,6
2017-07-28,471.53,2,2017,7,28,4,6
2017-07-29,645.03,1,2017,7,29,5,6
2017-07-30,590.5,1,2017,7,30,6,6
2017-07-31,384.15,2,2017,7,31,0,6
2017-08-01,447.0,2,2017,8,1,1,6
2017-08-02,458.8,2,2017,8,2,2,6
2017-08-03,424.09,1,2017,8,3,3,6
2017-08-04,721.1,2,2017,8,4,4,6
2017-08-05,620.6,1,2017,8,5,5,3
2017-08-06,578.91,1,2017,8,6,6,6
2017-08-07,357.0,1,2017,8,7,0,6
2017-08-08,298.22,1,2017,8,8,1,6
2017-08-09,345.82,1,2017,8,9,2,6
2017-08-10,369.05,1,2017,8,10,3,3
2017-08-11,484.23,2,2017,8,11,4,4
2017-08-12,426.0,1,2017,8,12,5,6
2017-08-13,394.3,1,2017,8,13,6,6
2017-08-14,286.78,1,2017,8,14,0,6
2017-08-15,307.0,1,2017,8,15,1,3
